{"cameraMode":{"drawMode":0,"name":"Shaded","section":"Shading Mode"},"sceneLighting":true,"audioPlay":false,"sceneViewState":{"showFog":true,"showMaterialUpdate":false,"showSkybox":true,"showFlares":true,"showImageEffects":true,"showParticleSystems":true},"in2DMode":false,"pivot":{"x":-3.3299999237060549,"y":2.123999834060669,"z":0.40000003576278689},"rotation":{"x":0.01006629504263401,"y":0.15595439076423646,"z":0.0015862926375120879,"w":-0.9877399206161499},"size":7.941498756408691,"orthographic":false}