{"cameraMode":{"drawMode":0,"name":"Shaded","section":"Shading Mode"},"sceneLighting":false,"audioPlay":false,"sceneViewState":{"showFog":true,"showMaterialUpdate":false,"showSkybox":false,"showFlares":true,"showImageEffects":true,"showParticleSystems":true},"in2DMode":false,"pivot":{"x":2.569999933242798,"y":0.5,"z":2.0399999618530275},"rotation":{"x":-0.08164452016353607,"y":0.15985487401485444,"z":-0.013276553712785244,"w":-0.9836929440498352},"size":1.8308309316635132,"orthographic":false}