{"cameraMode":{"drawMode":0,"name":"Shaded","section":"Shading Mode"},"sceneLighting":true,"audioPlay":false,"sceneViewState":{"showFog":true,"showMaterialUpdate":false,"showSkybox":true,"showFlares":true,"showImageEffects":true,"showParticleSystems":true},"in2DMode":false,"pivot":{"x":2.4127261638641359,"y":3.8554868698120119,"z":-2.210538387298584},"rotation":{"x":-0.0018090737285092474,"y":-0.02639951929450035,"z":0.00004784715929417871,"w":-0.9996541738510132},"size":7.2932915687561039,"orthographic":false}