{"cameraMode":{"drawMode":0,"name":"Shaded","section":"Shading Mode"},"sceneLighting":true,"audioPlay":false,"sceneViewState":{"showFog":true,"showMaterialUpdate":false,"showSkybox":true,"showFlares":true,"showImageEffects":true,"showParticleSystems":true},"in2DMode":false,"pivot":{"x":2.0524332523345949,"y":1.4452143907546998,"z":-4.1865234375},"rotation":{"x":-0.2580908536911011,"y":0.11042028665542603,"z":-0.02970663458108902,"w":-0.9593300819396973},"size":9.947367668151856,"orthographic":false}