{"cameraMode":{"drawMode":0,"name":"Shaded","section":"Shading Mode"},"sceneLighting":true,"audioPlay":false,"sceneViewState":{"showFog":true,"showMaterialUpdate":false,"showSkybox":false,"showFlares":true,"showImageEffects":true,"showParticleSystems":true},"in2DMode":false,"pivot":{"x":-0.03999999165534973,"y":0.5950000286102295,"z":0.13300000131130219},"rotation":{"x":0.08710863441228867,"y":-0.3451584279537201,"z":0.03219236433506012,"w":0.9339509606361389},"size":2.0945255756378176,"orthographic":false}