{"cameraMode":{"drawMode":0,"name":"Shaded","section":"Shading Mode"},"sceneLighting":false,"audioPlay":false,"sceneViewState":{"showFog":true,"showMaterialUpdate":false,"showSkybox":false,"showFlares":true,"showImageEffects":true,"showParticleSystems":true},"in2DMode":false,"pivot":{"x":320.02252197265627,"y":240.72999572753907,"z":-0.7599999904632568},"rotation":{"x":0.07492450624704361,"y":-0.013463064096868039,"z":0.0010145393898710609,"w":0.9971187710762024},"size":2.1630191802978517,"orthographic":false}