{"cameraMode":{"drawMode":0,"name":"Shaded","section":"Shading Mode"},"sceneLighting":true,"audioPlay":false,"sceneViewState":{"showFog":true,"showMaterialUpdate":false,"showSkybox":true,"showFlares":true,"showImageEffects":true,"showParticleSystems":true},"in2DMode":false,"pivot":{"x":-0.022522112354636194,"y":0.16210345923900605,"z":0.043823957443237308},"rotation":{"x":0.08537960797548294,"y":-0.019427482038736345,"z":0.0016651215264573694,"w":0.9961580634117127},"size":1.3511831760406495,"orthographic":false}