{"cameraMode":{"drawMode":0,"name":"Shaded","section":"Shading Mode"},"sceneLighting":true,"audioPlay":false,"sceneViewState":{"showFog":true,"showMaterialUpdate":false,"showSkybox":true,"showFlares":true,"showImageEffects":true,"showParticleSystems":true},"in2DMode":false,"pivot":{"x":7.018494129180908,"y":1.0164445638656617,"z":-0.15573692321777345},"rotation":{"x":-0.07097001373767853,"y":0.3796538710594177,"z":-0.029194843024015428,"w":-0.9220272898674011},"size":9.939518928527832,"orthographic":false}