{"cameraMode":{"drawMode":0,"name":"Shaded","section":"Shading Mode"},"sceneLighting":true,"audioPlay":false,"sceneViewState":{"showFog":true,"showMaterialUpdate":true,"showSkybox":false,"showFlares":true,"showImageEffects":true,"showParticleSystems":true},"in2DMode":false,"pivot":{"x":2.7880935668945314,"y":31.430465698242189,"z":-19.29792022705078},"rotation":{"x":-0.1882009208202362,"y":-0.001546447747386992,"z":0.00007183215348049998,"w":-0.9822309613227844},"size":497.5774230957031,"orthographic":false}