{"cameraMode":{"drawMode":0,"name":"Shaded","section":"Shading Mode"},"sceneLighting":true,"audioPlay":false,"sceneViewState":{"showFog":true,"showMaterialUpdate":true,"showSkybox":false,"showFlares":true,"showImageEffects":true,"showParticleSystems":true},"in2DMode":false,"pivot":{"x":-46.61000061035156,"y":3.0299997329711916,"z":-145.89999389648438},"rotation":{"x":-0.1882009208202362,"y":-0.001546447747386992,"z":0.00007183215348049998,"w":-0.9822309613227844},"size":42.86825942993164,"orthographic":false}