{"cameraMode":{"drawMode":0,"name":"Shaded","section":"Shading Mode"},"sceneLighting":true,"audioPlay":false,"sceneViewState":{"showFog":true,"showMaterialUpdate":true,"showSkybox":true,"showFlares":true,"showImageEffects":true,"showParticleSystems":true},"in2DMode":false,"pivot":{"x":-418.41607666015627,"y":62.85129165649414,"z":199.2497100830078},"rotation":{"x":0.04171053320169449,"y":-0.03272247686982155,"z":0.000011586164873733651,"w":-0.9988824129104614},"size":409.9825744628906,"orthographic":false}