{"cameraMode":{"drawMode":0,"name":"Shaded","section":"Shading Mode"},"sceneLighting":true,"audioPlay":false,"sceneViewState":{"showFog":true,"showMaterialUpdate":true,"showSkybox":true,"showFlares":true,"showImageEffects":true,"showParticleSystems":true},"in2DMode":false,"pivot":{"x":-325.85552978515627,"y":29.400062561035158,"z":-111.06034088134766},"rotation":{"x":-0.034739911556243899,"y":0.061374735087156299,"z":-0.0021600055042654278,"w":-0.9975795149803162},"size":95.68009185791016,"orthographic":false}